Date,Close
2013-01-02,44.65999984741211
2013-01-03,44.56999969482422
2013-01-04,45.36000061035156
2013-01-07,45.40999984741211
2013-01-08,45.5
2013-01-09,45.47000122070313
2013-01-10,46.1500015258789
2013-01-11,46.13999938964844
2013-01-14,45.88000106811523
2013-01-15,46.349998474121094
2013-01-16,46.81999969482422
2013-01-17,46.43999862670898
2013-01-18,46.459999084472656
2013-01-22,46.540000915527344
2013-01-23,46.22999954223633
2013-01-24,46.36999893188477
2013-01-25,47.15999984741211
2013-01-28,46.63999938964844
2013-01-29,47.11999893188477
2013-01-30,47.13000106811523
2013-01-31,47.04999923706055
2013-02-01,47.849998474121094
2013-02-04,47.68000030517578
2013-02-05,48.790000915527344
2013-02-06,48.61000061035156
2013-02-07,48.22999954223633
2013-02-08,48.63000106811523
2013-02-11,48.65999984741211
2013-02-12,49.13999938964844
2013-02-13,48.68000030517578
2013-02-14,49.22000122070313
2013-02-15,48.88000106811523
2013-02-19,49.45000076293945
2013-02-20,48.61000061035156
2013-02-21,48.25
2013-02-22,48.90999984741211
2013-02-25,47.70000076293945
2013-02-26,47.599998474121094
2013-02-27,49.27999877929688
2013-02-28,48.91999816894531
2013-03-01,48.90999984741211
2013-03-04,49.099998474121094
2013-03-05,49.4900016784668
2013-03-06,50.02999877929688
2013-03-07,50.63000106811523
2013-03-08,50.20000076293945
2013-03-11,50.47999954223633
2013-03-12,50.27999877929688
2013-03-13,50.15999984741211
2013-03-14,51.0
2013-03-15,50.02000045776367
2013-03-18,49.5099983215332
2013-03-19,49.20000076293945
2013-03-20,49.11999893188477
2013-03-21,48.349998474121094
2013-03-22,48.77999877929688
2013-03-25,48.52000045776367
2013-03-26,48.63999938964844
2013-03-27,47.77000045776367
2013-03-28,47.459999084472656
2013-04-01,47.83000183105469
2013-04-02,48.27999877929688
2013-04-03,46.849998474121094
2013-04-04,47.4900016784668
2013-04-05,47.90999984741211
2013-04-08,48.58000183105469
2013-04-09,48.68000030517578
2013-04-10,49.25
2013-04-11,49.31000137329102
2013-04-12,49.0099983215332
2013-04-15,47.93000030517578
2013-04-16,48.4900016784668
2013-04-17,46.790000915527344
2013-04-18,46.63999938964844
2013-04-19,47.22999954223633
2013-04-22,47.349998474121094
2013-04-23,48.16999816894531
2013-04-24,48.72000122070313
2013-04-25,49.0
2013-04-26,48.88000106811523
2013-04-29,48.91999816894531
2013-04-30,49.0099983215332
2013-05-01,48.0099983215332
2013-05-02,48.08000183105469
2013-05-03,47.56999969482422
2013-05-06,48.18000030517578
2013-05-07,49.13999938964844
2013-05-08,49.7599983215332
2013-05-09,49.040000915527344
2013-05-10,48.959999084472656
2013-05-13,49.66999816894531
2013-05-14,50.22999954223633
2013-05-15,51.09000015258789
2013-05-16,50.97000122070313
2013-05-17,52.29999923706055
2013-05-20,52.290000915527344
2013-05-21,53.02000045776367
2013-05-22,53.63000106811523
2013-05-23,53.349998474121094
2013-05-24,53.65999984741211
2013-05-28,54.599998474121094
2013-05-29,54.66999816894531
2013-05-30,55.61999893188477
2013-05-31,54.59000015258789
2013-06-03,54.4900016784668
2013-06-04,54.040000915527344
2013-06-05,53.02999877929688
2013-06-06,53.5
2013-06-07,54.27000045776367
2013-06-10,54.36000061035156
2013-06-11,53.4900016784668
2013-06-12,53.18000030517578
2013-06-13,54.16999816894531
2013-06-14,53.13000106811523
2013-06-17,53.849998474121094
2013-06-18,54.11000061035156
2013-06-19,53.54999923706055
2013-06-20,52.47999954223633
2013-06-21,51.959999084472656
2013-06-24,50.91999816894531
2013-06-25,52.08000183105469
2013-06-26,52.5
2013-06-27,53.1500015258789
2013-06-28,52.790000915527344
2013-07-01,52.4900016784668
2013-07-02,52.79999923706055
2013-07-03,52.77000045776367
2013-07-05,53.9900016784668
2013-07-08,54.70000076293945
2013-07-09,54.88999938964844
2013-07-10,54.83000183105469
2013-07-11,55.13999938964844
2013-07-12,54.97000122070313
2013-07-15,54.88999938964844
2013-07-16,55.0099983215332
2013-07-17,55.27000045776367
2013-07-18,56.36999893188477
2013-07-19,56.15999984741211
2013-07-22,56.56000137329102
2013-07-23,56.66999816894531
2013-07-24,56.63000106811523
2013-07-25,56.5
2013-07-26,56.04999923706055
2013-07-29,55.68999862670898
2013-07-30,55.33000183105469
2013-07-31,55.72999954223633
2013-08-01,56.540000915527344
2013-08-02,56.4900016784668
2013-08-05,56.099998474121094
2013-08-06,55.4900016784668
2013-08-07,55.29999923706055
2013-08-08,54.83000183105469
2013-08-09,54.52000045776367
2013-08-12,54.09000015258789
2013-08-13,54.290000915527344
2013-08-14,54.1500015258789
2013-08-15,53.290000915527344
2013-08-16,53.290000915527344
2013-08-19,51.83000183105469
2013-08-20,52.11999893188477
2013-08-21,51.63000106811523
2013-08-22,52.209999084472656
2013-08-23,52.31999969482422
2013-08-26,51.79999923706055
2013-08-27,50.599998474121094
2013-08-28,50.58000183105469
2013-08-29,50.70000076293945
2013-08-30,50.52999877929688
2013-09-03,51.13000106811523
2013-09-04,51.86999893188477
2013-09-05,52.11000061035156
2013-09-06,52.56000137329102
2013-09-09,52.86000061035156
2013-09-10,53.66999816894531
2013-09-11,53.2599983215332
2013-09-12,52.2400016784668
2013-09-13,52.59000015258789
2013-09-16,53.13999938964844
2013-09-17,53.09000015258789
2013-09-18,53.40999984741211
2013-09-19,52.75
2013-09-20,52.79999923706055
2013-09-23,51.459999084472656
2013-09-24,50.31999969482422
2013-09-25,51.70000076293945
2013-09-26,51.88999938964844
2013-09-27,52.2400016784668
2013-09-30,51.68999862670898
2013-10-01,51.959999084472656
2013-10-02,52.09000015258789
2013-10-03,51.93999862670898
2013-10-04,52.66999816894531
2013-10-07,51.83000183105469
2013-10-08,50.86999893188477
2013-10-09,50.75
2013-10-10,52.52000045776367
2013-10-11,52.5099983215332
2013-10-14,52.709999084472656
2013-10-15,52.31000137329102
2013-10-16,54.0
2013-10-17,54.209999084472656
2013-10-18,54.29999923706055
2013-10-21,54.27000045776367
2013-10-22,53.61999893188477
2013-10-23,52.75
2013-10-24,52.47999954223633
2013-10-25,52.77000045776367
2013-10-28,52.68000030517578
2013-10-29,52.72999954223633
2013-10-30,52.599998474121094
2013-10-31,51.540000915527344
2013-11-01,52.5099983215332
2013-11-04,52.040000915527344
2013-11-05,51.95000076293945
2013-11-06,52.099998474121094
2013-11-07,51.6500015258789
2013-11-08,53.959999084472656
2013-11-11,54.099998474121094
2013-11-12,53.97000122070313
2013-11-13,54.13999938964844
2013-11-14,54.4000015258789
2013-11-15,54.86999893188477
2013-11-18,55.7400016784668
2013-11-19,56.1500015258789
2013-11-20,56.099998474121094
2013-11-21,57.22000122070313
2013-11-22,57.459999084472656
2013-11-25,57.6500015258789
2013-11-26,57.16999816894531
2013-11-27,57.47999954223633
2013-11-29,57.22000122070313
2013-12-02,56.97999954223633
2013-12-03,56.86000061035156
2013-12-04,57.18999862670898
2013-12-05,55.81999969482422
2013-12-06,56.06000137329102
2013-12-09,56.5099983215332
2013-12-10,56.70000076293945
2013-12-11,56.06999969482422
2013-12-12,56.31000137329102
2013-12-13,56.16999816894531
2013-12-16,56.41999816894531
2013-12-17,55.72000122070313
2013-12-18,57.2400016784668
2013-12-19,57.22999954223633
2013-12-20,57.70000076293945
2013-12-23,58.2400016784668
2013-12-24,58.25
2013-12-26,58.20000076293945
2013-12-27,58.13999938964844
2013-12-30,57.95000076293945
2013-12-31,58.47999954223633
2014-01-02,58.209999084472656
2014-01-03,58.65999984741211
2014-01-06,59.0
2014-01-07,58.31999969482422
2014-01-08,58.86999893188477
2014-01-09,58.7599983215332
2014-01-10,58.4900016784668
2014-01-13,57.70000076293945
2014-01-14,57.7400016784668
2014-01-15,59.4900016784668
2014-01-16,58.9900016784668
2014-01-17,58.11000061035156
2014-01-21,58.16999816894531
2014-01-22,57.59000015258789
2014-01-23,56.47000122070313
2014-01-24,55.09000015258789
2014-01-27,55.09000015258789
2014-01-28,55.7400016784668
2014-01-29,55.52999877929688
2014-01-30,56.0
2014-01-31,55.36000061035156
2014-02-03,54.31000137329102
2014-02-04,54.95000076293945
2014-02-05,55.209999084472656
2014-02-06,56.47999954223633
2014-02-07,56.61999893188477
2014-02-10,56.7400016784668
2014-02-11,57.43000030517578
2014-02-12,57.52000045776367
2014-02-13,58.02999877929688
2014-02-14,58.1500015258789
2014-02-18,58.4900016784668
2014-02-19,57.2599983215332
2014-02-20,57.58000183105469
2014-02-21,57.61000061035156
2014-02-24,58.02999877929688
2014-02-25,57.02999877929688
2014-02-26,56.75
2014-02-27,56.68999862670898
2014-02-28,56.81999969482422
2014-03-03,56.209999084472656
2014-03-04,57.2599983215332
2014-03-05,58.15999984741211
2014-03-06,58.9000015258789
2014-03-07,59.4000015258789
2014-03-10,59.20000076293945
2014-03-11,58.18999862670898
2014-03-12,57.91999816894531
2014-03-13,57.41999816894531
2014-03-14,56.79999923706055
2014-03-17,57.58000183105469
2014-03-18,58.06000137329102
2014-03-19,58.29999923706055
2014-03-20,60.11000061035156
2014-03-21,60.16999816894531
2014-03-24,61.06999969482422
2014-03-25,60.93000030517578
2014-03-26,59.9000015258789
2014-03-27,59.91999816894531
2014-03-28,60.040000915527344
2014-03-31,60.709999084472656
2014-04-01,60.66999816894531
2014-04-02,60.47999954223633
2014-04-03,60.65999984741211
2014-04-04,59.81000137329102
2014-04-07,59.0
2014-04-08,58.849998474121094
2014-04-09,59.27000045776367
2014-04-10,57.4000015258789
2014-04-11,55.29999923706055
2014-04-14,54.959999084472656
2014-04-15,54.79999923706055
2014-04-16,55.2599983215332
2014-04-17,55.22000122070313
2014-04-21,55.02999877929688
2014-04-22,55.81000137329102
2014-04-23,56.04999923706055
2014-04-24,56.18999862670898
2014-04-25,55.70000076293945
2014-04-28,55.4900016784668
2014-04-29,56.099998474121094
2014-04-30,55.97999954223633
2014-05-01,55.72000122070313
2014-05-02,55.58000183105469
2014-05-05,54.22000122070313
2014-05-06,53.34000015258789
2014-05-07,54.04999923706055
2014-05-08,54.36000061035156
2014-05-09,54.0099983215332
2014-05-12,54.6500015258789
2014-05-13,54.61999893188477
2014-05-14,54.36000061035156
2014-05-15,53.5099983215332
2014-05-16,53.31000137329102
2014-05-19,53.83000183105469
2014-05-20,53.72000122070313
2014-05-21,54.11999893188477
2014-05-22,54.54999923706055
2014-05-23,54.52999877929688
2014-05-27,55.13999938964844
2014-05-28,55.45000076293945
2014-05-29,55.72000122070313
2014-05-30,55.56999969482422
2014-06-02,55.349998474121094
2014-06-03,55.599998474121094
2014-06-04,55.68000030517578
2014-06-05,56.63000106811523
2014-06-06,56.97000122070313
2014-06-09,57.41999816894531
2014-06-10,57.9000015258789
2014-06-11,57.27000045776367
2014-06-12,57.040000915527344
2014-06-13,57.040000915527344
2014-06-16,56.86999893188477
2014-06-17,57.41999816894531
2014-06-18,57.77999877929688
2014-06-19,57.29999923706055
2014-06-20,57.54999923706055
2014-06-23,58.18999862670898
2014-06-24,57.41999816894531
2014-06-25,57.52999877929688
2014-06-26,57.38999938964844
2014-06-27,57.52999877929688
2014-06-30,57.61999893188477
2014-07-01,57.56999969482422
2014-07-02,56.97000122070313
2014-07-03,57.04999923706055
2014-07-07,56.66999816894531
2014-07-08,55.7599983215332
2014-07-09,56.02000045776367
2014-07-10,55.56000137329102
2014-07-11,55.79999923706055
2014-07-14,56.290000915527344
2014-07-15,58.27000045776367
2014-07-16,58.709999084472656
2014-07-17,57.86000061035156
2014-07-18,58.22999954223633
2014-07-21,58.2400016784668
2014-07-22,58.66999816894531
2014-07-23,59.0
2014-07-24,59.16999816894531
2014-07-25,59.0099983215332
2014-07-28,59.18999862670898
2014-07-29,58.63999938964844
2014-07-30,58.90999984741211
2014-07-31,57.66999816894531
2014-08-01,56.47999954223633
2014-08-04,56.6500015258789
2014-08-05,56.06000137329102
2014-08-06,56.22999954223633
2014-08-07,55.90999984741211
2014-08-08,56.34000015258789
2014-08-11,56.31999969482422
2014-08-12,56.349998474121094
2014-08-13,56.72000122070313
2014-08-14,56.97999954223633
2014-08-15,56.75
2014-08-18,57.22999954223633
2014-08-19,57.56000137329102
2014-08-20,57.63999938964844
2014-08-21,58.5
2014-08-22,58.4900016784668
2014-08-25,59.34000015258789
2014-08-26,59.7400016784668
2014-08-27,59.59000015258789
2014-08-28,59.15999984741211
2014-08-29,59.45000076293945
2014-09-02,59.66999816894531
2014-09-03,59.70000076293945
2014-09-04,59.709999084472656
2014-09-05,59.90999984741211
2014-09-08,59.88999938964844
2014-09-09,59.06000137329102
2014-09-10,59.22000122070313
2014-09-11,59.7599983215332
2014-09-12,60.02999877929688
2014-09-15,59.93999862670898
2014-09-16,59.9900016784668
2014-09-17,60.31000137329102
2014-09-18,61.31999969482422
2014-09-19,61.11000061035156
2014-09-22,60.90999984741211
2014-09-23,60.93999862670898
2014-09-24,61.63000106811523
2014-09-25,60.1500015258789
2014-09-26,60.56000137329102
2014-09-29,60.33000183105469
2014-09-30,60.2400016784668
2014-10-01,59.77000045776367
2014-10-02,58.84000015258789
2014-10-03,60.29999923706055
2014-10-06,60.18000030517578
2014-10-07,59.27000045776367
2014-10-08,60.4000015258789
2014-10-09,59.08000183105469
2014-10-10,58.52000045776367
2014-10-13,58.15999984741211
2014-10-14,57.9900016784668
2014-10-15,55.52999877929688
2014-10-16,55.08000183105469
2014-10-17,56.20000076293945
2014-10-20,56.63000106811523
2014-10-21,57.93000030517578
2014-10-22,57.45000076293945
2014-10-23,58.06000137329102
2014-10-24,58.7400016784668
2014-10-27,58.63999938964844
2014-10-28,59.63000106811523
2014-10-29,59.290000915527344
2014-10-30,59.38999938964844
2014-10-31,60.47999954223633
2014-11-03,60.88000106811523
2014-11-04,60.25
2014-11-05,61.1500015258789
2014-11-06,61.22999954223633
2014-11-07,61.47000122070313
2014-11-10,61.93000030517578
2014-11-11,61.36999893188477
2014-11-12,60.56000137329102
2014-11-13,60.22999954223633
2014-11-14,60.27999877929688
2014-11-17,60.38000106811523
2014-11-18,60.52999877929688
2014-11-19,60.599998474121094
2014-11-20,60.11999893188477
2014-11-21,60.45000076293945
2014-11-24,60.959999084472656
2014-11-25,60.29999923706055
2014-11-26,60.34000015258789
2014-11-28,60.15999984741211
2014-12-01,60.0
2014-12-02,61.08000183105469
2014-12-03,61.540000915527344
2014-12-04,61.38000106811523
2014-12-05,62.70000076293945
2014-12-08,62.66999816894531
2014-12-09,62.45000076293945
2014-12-10,60.68000030517578
2014-12-11,61.13999938964844
2014-12-12,60.040000915527344
2014-12-15,59.15999984741211
2014-12-16,58.43000030517578
2014-12-17,59.77000045776367
2014-12-18,61.47999954223633
2014-12-19,61.93000030517578
2014-12-22,61.93999862670898
2014-12-23,62.47999954223633
2014-12-24,62.47999954223633
2014-12-26,62.54999923706055
2014-12-29,62.959999084472656
2014-12-30,63.1500015258789
2014-12-31,62.58000183105469
2015-01-02,62.4900016784668
2015-01-05,60.54999923706055
2015-01-06,58.97999954223633
2015-01-07,59.06999969482422
2015-01-08,60.38999938964844
2015-01-09,59.34000015258789
2015-01-12,58.83000183105469
2015-01-13,58.84000015258789
2015-01-14,56.81000137329102
2015-01-15,54.9900016784668
2015-01-16,55.93000030517578
2015-01-20,55.709999084472656
2015-01-21,55.88999938964844
2015-01-22,57.59000015258789
2015-01-23,56.68000030517578
2015-01-26,56.77000045776367
2015-01-27,56.20000076293945
2015-01-28,54.75
2015-01-29,55.66999816894531
2015-01-30,54.38000106811523
2015-02-02,55.47000122070313
2015-02-03,56.72000122070313
2015-02-04,56.38000106811523
2015-02-05,56.77000045776367
2015-02-06,57.88999938964844
2015-02-09,57.81999969482422
2015-02-10,58.459999084472656
2015-02-11,58.36999893188477
2015-02-12,59.56999969482422
2015-02-13,59.66999816894531
2015-02-17,60.099998474121094
2015-02-18,59.36999893188477
2015-02-19,59.22999954223633
2015-02-20,59.79999923706055
2015-02-23,59.349998474121094
2015-02-24,60.81999969482422
2015-02-25,61.13999938964844
2015-02-26,61.58000183105469
2015-02-27,61.27999877929688
2015-03-02,61.77000045776367
2015-03-03,61.97000122070313
2015-03-04,62.13000106811523
2015-03-05,62.0
2015-03-06,60.88999938964844
2015-03-09,61.5
2015-03-10,59.959999084472656
2015-03-11,60.2400016784668
2015-03-12,61.36999893188477
2015-03-13,61.0
2015-03-16,61.849998474121094
2015-03-17,61.61000061035156
2015-03-18,61.75
2015-03-19,61.20000076293945
2015-03-20,61.75
2015-03-23,61.13999938964844
2015-03-24,60.459999084472656
2015-03-25,59.61000061035156
2015-03-26,59.540000915527344
2015-03-27,59.54999923706055
2015-03-30,60.959999084472656
2015-03-31,60.58000183105469
2015-04-01,59.95000076293945
2015-04-02,60.52000045776367
2015-04-06,60.47000122070313
2015-04-07,60.849998474121094
2015-04-08,61.04999923706055
2015-04-09,61.47000122070313
2015-04-10,61.70000076293945
2015-04-13,62.06999969482422
2015-04-14,63.040000915527344
2015-04-15,64.20999908447266
2015-04-16,63.81000137329102
2015-04-17,62.84000015258789
2015-04-20,63.2400016784668
2015-04-21,62.31000137329102
2015-04-22,62.93999862670898
2015-04-23,62.79999923706055
2015-04-24,62.599998474121094
2015-04-27,62.34000015258789
2015-04-28,62.7599983215332
2015-04-29,63.599998474121094
2015-04-30,63.2599983215332
2015-05-01,63.61000061035156
2015-05-04,64.72000122070311
2015-05-05,64.40000152587889
2015-05-06,63.91999816894531
2015-05-07,64.5
2015-05-08,65.48999786376953
2015-05-11,65.44999694824219
2015-05-12,65.36000061035156
2015-05-13,65.51999664306639
2015-05-14,66.05000305175781
2015-05-15,65.87999725341797
2015-05-18,66.41999816894531
2015-05-19,67.01000213623047
2015-05-20,66.48000335693361
2015-05-21,66.65000152587889
2015-05-22,66.47000122070311
2015-05-26,65.73000335693361
2015-05-27,66.47000122070311
2015-05-28,66.19999694824219
2015-05-29,65.77999877929689
2015-06-01,66.08000183105469
2015-06-02,66.01999664306639
2015-06-03,66.69999694824219
2015-06-04,66.33000183105469
2015-06-05,67.41999816894531
2015-06-08,66.88999938964844
2015-06-09,67.18000030517578
2015-06-10,68.26000213623047
2015-06-11,68.51999664306639
2015-06-12,68.25
2015-06-15,67.98999786376953
2015-06-16,68.37000274658203
2015-06-17,68.13999938964844
2015-06-18,68.77999877929689
2015-06-19,68.08000183105469
2015-06-22,68.95999908447266
2015-06-23,69.75
2015-06-24,69.01999664306639
2015-06-25,68.65000152587889
2015-06-26,68.94999694824219
2015-06-29,67.19999694824219
2015-06-30,67.76000213623047
2015-07-01,68.06999969482422
2015-07-02,67.51999664306639
2015-07-06,67.33000183105469
2015-07-07,66.80000305175781
2015-07-08,65.43000030517578
2015-07-09,66.11000061035156
2015-07-10,67.05000305175781
2015-07-13,68.08999633789061
2015-07-14,69.04000091552734
2015-07-15,69.19000244140625
2015-07-16,69.55999755859375
2015-07-17,69.20999908447266
2015-07-20,69.26000213623047
2015-07-21,69.09999847412111
2015-07-22,70.08000183105469
2015-07-23,69.63999938964844
2015-07-24,68.91000366210939
2015-07-27,68.01000213623047
2015-07-28,68.05000305175781
2015-07-29,68.94000244140625
2015-07-30,69.04000091552734
2015-07-31,68.52999877929689
2015-08-03,68.52999877929689
2015-08-04,68.45999908447266
2015-08-05,68.73000335693361
2015-08-06,68.25
2015-08-07,68.05000305175781
2015-08-10,68.88999938964844
2015-08-11,68.23000335693361
2015-08-12,67.23999786376953
2015-08-13,67.55000305175781
2015-08-14,67.88999938964844
2015-08-17,68.06999969482422
2015-08-18,68.20999908447266
2015-08-19,67.59999847412111
2015-08-20,65.94000244140625
2015-08-21,63.599998474121094
2015-08-24,60.25
2015-08-25,59.90999984741211
2015-08-26,62.90999984741211
2015-08-27,64.48000335693361
2015-08-28,64.12999725341797
2015-08-31,64.09999847412111
2015-09-01,61.45000076293945
2015-09-02,62.56999969482422
2015-09-03,62.68000030517578
2015-09-04,61.5
2015-09-08,63.15999984741211
2015-09-09,62.18000030517578
2015-09-10,62.65999984741211
2015-09-11,62.56000137329102
2015-09-14,62.38000106811523
2015-09-15,63.58000183105469
2015-09-16,64.13999938964844
2015-09-17,62.6500015258789
2015-09-18,60.93999862670898
2015-09-21,61.45000076293945
2015-09-22,60.90999984741211
2015-09-23,60.63999938964844
2015-09-24,60.22000122070313
2015-09-25,61.47000122070313
2015-09-28,59.97999954223633
2015-09-29,59.84000015258789
2015-09-30,60.97000122070313
2015-10-01,61.41999816894531
2015-10-02,60.81000137329102
2015-10-05,62.02000045776367
2015-10-06,62.04999923706055
2015-10-07,62.13000106811523
2015-10-08,62.13000106811523
2015-10-09,61.93000030517578
2015-10-12,61.72000122070313
2015-10-13,61.54999923706055
2015-10-14,59.9900016784668
2015-10-15,61.88999938964844
2015-10-16,62.43000030517578
2015-10-19,62.22000122070313
2015-10-20,62.52000045776367
2015-10-21,62.06000137329102
2015-10-22,63.18999862670898
2015-10-23,63.86999893188477
2015-10-26,63.9000015258789
2015-10-27,63.63999938964844
2015-10-28,65.5
2015-10-29,65.20999908447266
2015-10-30,64.25
2015-11-02,65.54000091552734
2015-11-03,65.77999877929689
2015-11-04,65.84999847412111
2015-11-05,66.44000244140625
2015-11-06,68.45999908447266
2015-11-09,67.38999938964844
2015-11-10,67.68000030517578
2015-11-11,67.34999847412111
2015-11-12,66.0
2015-11-13,65.55999755859375
2015-11-16,66.51000213623047
2015-11-17,66.12999725341797
2015-11-18,67.44999694824219
2015-11-19,67.66000366210939
2015-11-20,67.54000091552734
2015-11-23,66.87999725341797
2015-11-24,66.77999877929689
2015-11-25,66.86000061035156
2015-11-27,67.16999816894531
2015-11-30,66.68000030517578
2015-12-01,67.61000061035156
2015-12-02,66.66000366210939
2015-12-03,65.80000305175781
2015-12-04,67.88999938964844
2015-12-07,67.0
2015-12-08,65.95999908447266
2015-12-09,65.45999908447266
2015-12-10,65.61000061035156
2015-12-11,64.06999969482422
2015-12-14,64.26999664306639
2015-12-15,66.09999847412111
2015-12-16,67.52999877929689
2015-12-17,66.27999877929689
2015-12-18,64.40000152587889
2015-12-21,65.54000091552734
2015-12-22,65.68000030517578
2015-12-23,66.73000335693361
2015-12-24,66.59999847412111
2015-12-28,66.37999725341797
2015-12-29,67.06999969482422
2015-12-30,66.58999633789061
2015-12-31,66.02999877929689
2016-01-04,63.61999893188477
2016-01-05,63.72999954223633
2016-01-06,62.81000137329102
2016-01-07,60.27000045776367
2016-01-08,58.91999816894531
2016-01-11,58.83000183105469
2016-01-12,58.959999084472656
2016-01-13,57.34000015258789
2016-01-14,58.20000076293945
2016-01-15,57.040000915527344
2016-01-19,57.0099983215332
2016-01-20,55.5099983215332
2016-01-21,55.25
2016-01-22,56.95000076293945
2016-01-25,55.65999984741211
2016-01-26,57.08000183105469
2016-01-27,57.040000915527344
2016-01-28,57.27999877929688
2016-01-29,59.5
2016-02-01,58.86000061035156
2016-02-02,57.02999877929688
2016-02-03,57.40999984741211
2016-02-04,58.4000015258789
2016-02-05,57.75
2016-02-08,56.540000915527344
2016-02-09,56.20000076293945
2016-02-10,55.52000045776367
2016-02-11,53.06999969482422
2016-02-12,57.4900016784668
2016-02-16,58.349998474121094
2016-02-17,58.77000045776367
2016-02-18,57.81000137329102
2016-02-19,57.81999969482422
2016-02-22,58.56999969482422
2016-02-23,56.11999893188477
2016-02-24,56.13999938964844
2016-02-25,57.0099983215332
2016-02-26,57.540000915527344
2016-02-29,56.29999923706055
2016-03-01,59.20000076293945
2016-03-02,59.7599983215332
2016-03-03,59.959999084472656
2016-03-04,60.04999923706055
2016-03-07,59.93999862670898
2016-03-08,58.77999877929688
2016-03-09,59.11999893188477
2016-03-10,58.61000061035156
2016-03-11,59.34000015258789
2016-03-14,59.11999893188477
2016-03-15,59.20000076293945
2016-03-16,58.91999816894531
2016-03-17,58.75
2016-03-18,60.47999954223633
2016-03-21,60.459999084472656
2016-03-22,60.2400016784668
2016-03-23,59.93999862670898
2016-03-24,59.47999954223633
2016-03-28,59.4000015258789
2016-03-29,59.02999877929688
2016-03-30,59.709999084472656
2016-03-31,59.22000122070313
2016-04-01,59.86999893188477
2016-04-04,59.20000076293945
2016-04-05,58.36000061035156
2016-04-06,58.81000137329102
2016-04-07,57.31999969482422
2016-04-08,57.7400016784668
2016-04-11,58.20000076293945
2016-04-12,59.27999877929688
2016-04-13,61.790000915527344
2016-04-14,62.59000015258789
2016-04-15,61.86999893188477
2016-04-18,62.27000045776367
2016-04-19,63.31999969482422
2016-04-20,64.23999786376953
2016-04-21,63.599998474121094
2016-04-22,63.97000122070313
2016-04-25,63.599998474121094
2016-04-26,63.93000030517578
2016-04-27,64.11000061035156
2016-04-28,63.599998474121094
2016-04-29,63.20000076293945
2016-05-02,63.790000915527344
2016-05-03,62.56000137329102
2016-05-04,61.56999969482422
2016-05-05,61.2400016784668
2016-05-06,61.599998474121094
2016-05-09,61.209999084472656
2016-05-10,62.040000915527344
2016-05-11,61.81000137329102
2016-05-12,61.77000045776367
2016-05-13,61.20000076293945
2016-05-16,61.65999984741211
2016-05-17,61.65999984741211
2016-05-18,64.04000091552734
2016-05-19,63.38999938964844
2016-05-20,63.5099983215332
2016-05-23,63.459999084472656
2016-05-24,64.54000091552734
2016-05-25,65.51999664306639
2016-05-26,65.02999877929689
2016-05-27,65.43000030517578
2016-05-31,65.26999664306639
2016-06-01,65.69000244140625
2016-06-02,65.80999755859375
2016-06-03,64.63999938964844
2016-06-06,65.27999877929689
2016-06-07,65.05999755859375
2016-06-08,65.25
2016-06-09,64.75
2016-06-10,63.84000015258789
2016-06-13,63.27000045776367
2016-06-14,62.08000183105469
2016-06-15,61.97000122070313
2016-06-16,62.22000122070313
2016-06-17,62.27999877929688
2016-06-20,62.36999893188477
2016-06-21,62.95000076293945
2016-06-22,62.709999084472656
2016-06-23,64.05000305175781
2016-06-24,59.599998474121094
2016-06-27,57.61000061035156
2016-06-28,59.52000045776367
2016-06-29,61.20000076293945
2016-06-30,62.13999938964844
2016-07-01,61.2599983215332
2016-07-05,59.54999923706055
2016-07-06,60.18999862670898
2016-07-07,60.58000183105469
2016-07-08,61.83000183105469
2016-07-11,62.27000045776367
2016-07-12,63.20000076293945
2016-07-13,63.15999984741211
2016-07-14,64.12000274658203
2016-07-15,64.18000030517578
2016-07-18,63.959999084472656
2016-07-19,63.86000061035156
2016-07-20,63.93000030517578
2016-07-21,63.68999862670898
2016-07-22,64.04000091552734
2016-07-25,63.86999893188477
2016-07-26,64.12999725341797
2016-07-27,64.33000183105469
2016-07-28,64.09999847412111
2016-07-29,63.97000122070313
2016-08-01,63.79999923706055
2016-08-02,63.6500015258789
2016-08-03,64.66000366210939
2016-08-04,64.55999755859375
2016-08-05,66.30000305175781
2016-08-08,66.09999847412111
2016-08-09,65.87000274658203
2016-08-10,65.27999877929689
2016-08-11,65.45999908447266
2016-08-12,65.31999969482422
2016-08-15,65.72000122070311
2016-08-16,65.70999908447266
2016-08-17,65.88999938964844
2016-08-18,65.94999694824219
2016-08-19,65.86000061035156
2016-08-22,65.80000305175781
2016-08-23,65.76999664306639
2016-08-24,65.94999694824219
2016-08-25,66.06999969482422
2016-08-26,66.22000122070311
2016-08-29,66.94999694824219
2016-08-30,67.5
2016-08-31,67.5
2016-09-01,67.20999908447266
2016-09-02,67.48999786376953
2016-09-06,67.44000244140625
2016-09-07,67.16000366210939
2016-09-08,67.25
2016-09-09,66.65000152587889
2016-09-12,67.05999755859375
2016-09-13,66.52999877929689
2016-09-14,66.40000152587889
2016-09-15,66.63999938964844
2016-09-16,65.81999969482422
2016-09-19,66.19000244140625
2016-09-20,66.45999908447266
2016-09-21,66.83999633789061
2016-09-22,67.38999938964844
2016-09-23,67.25
2016-09-26,65.77999877929689
2016-09-27,66.36000061035156
2016-09-28,66.70999908447266
2016-09-29,65.65000152587889
2016-09-30,66.58999633789061
2016-10-03,66.51000213623047
2016-10-04,66.59999847412111
2016-10-05,67.69000244140625
2016-10-06,67.87000274658203
2016-10-07,68.11000061035156
2016-10-10,68.63999938964844
2016-10-11,68.30999755859375
2016-10-12,68.12999725341797
2016-10-13,67.73999786376953
2016-10-14,67.51999664306639
2016-10-17,67.16999816894531
2016-10-18,67.69999694824219
2016-10-19,68.34999847412111
2016-10-20,68.26000213623047
2016-10-21,68.48999786376953
2016-10-24,68.87000274658203
2016-10-25,68.80000305175781
2016-10-26,69.12999725341797
2016-10-27,69.23000335693361
2016-10-28,69.11000061035156
2016-10-31,69.26000213623047
2016-11-01,68.97000122070311
2016-11-02,68.68000030517578
2016-11-03,68.37999725341797
2016-11-04,67.76000213623047
2016-11-07,69.87999725341797
2016-11-08,70.02999877929689
2016-11-09,73.25
2016-11-10,76.6500015258789
2016-11-11,76.69000244140625
2016-11-14,79.51000213623047
2016-11-15,79.36000061035156
2016-11-16,77.4000015258789
2016-11-17,78.0199966430664
2016-11-18,77.70999908447266
2016-11-21,78.05000305175781
2016-11-22,78.52999877929688
2016-11-23,78.86000061035156
2016-11-25,78.83000183105469
2016-11-28,78.31999969482422
2016-11-29,78.91999816894531
2016-11-30,80.16999816894531
2016-12-01,81.79000091552734
2016-12-02,81.5999984741211
2016-12-05,83.26000213623047
2016-12-06,83.69000244140625
2016-12-07,84.06999969482422
2016-12-08,85.12000274658203
2016-12-09,85.48999786376953
2016-12-12,84.7300033569336
2016-12-13,84.76000213623047
2016-12-14,84.7300033569336
2016-12-15,86.0
2016-12-16,84.94000244140625
2016-12-19,85.43000030517578
2016-12-20,86.52999877929688
2016-12-21,86.75
2016-12-22,86.88999938964844
2016-12-23,87.05000305175781
2016-12-27,87.12999725341797
2016-12-28,86.5
2016-12-29,85.88999938964844
2016-12-30,86.29000091552734
2017-01-03,87.2300033569336
2017-01-04,86.91000366210938
2017-01-05,86.11000061035156
2017-01-06,86.12000274658203
2017-01-09,86.18000030517578
2017-01-10,86.43000030517578
2017-01-11,87.08000183105469
2017-01-12,86.23999786376953
2017-01-13,86.69999694824219
2017-01-17,83.55000305175781
2017-01-18,83.94000244140625
2017-01-19,83.30000305175781
2017-01-20,83.66999816894531
2017-01-23,83.70999908447266
2017-01-24,84.72000122070312
2017-01-25,86.02999877929688
2017-01-26,86.75
2017-01-27,86.93000030517578
2017-01-30,86.02999877929688
2017-01-31,84.62999725341797
2017-02-01,84.94999694824219
2017-02-02,84.58999633789062
2017-02-03,87.18000030517578
2017-02-06,86.7699966430664
2017-02-07,86.72000122070312
2017-02-08,85.95999908447266
2017-02-09,87.19999694824219
2017-02-10,87.0
2017-02-13,88.1500015258789
2017-02-14,89.55999755859375
2017-02-15,90.58999633789062
2017-02-16,90.52999877929688
2017-02-17,90.2300033569336
2017-02-21,91.01000213623048
2017-02-22,91.05999755859376
2017-02-23,91.12999725341795
2017-02-24,90.33000183105469
2017-02-27,90.43000030517578
2017-02-28,90.62000274658205
2017-03-01,93.5999984741211
2017-03-02,92.13999938964844
2017-03-03,92.8000030517578
2017-03-06,91.91999816894531
2017-03-07,91.41000366210938
2017-03-08,91.20999908447266
2017-03-09,91.56999969482422
2017-03-10,91.27999877929688
2017-03-13,91.36000061035156
2017-03-14,91.51000213623048
2017-03-15,91.7300033569336
2017-03-16,91.63999938964844
2017-03-17,90.68000030517578
2017-03-20,90.02999877929688
2017-03-21,87.38999938964844
2017-03-22,87.52999877929688
2017-03-23,87.38999938964844
2017-03-24,87.29000091552734
2017-03-27,87.23999786376953
2017-03-28,88.5999984741211
2017-03-29,88.2699966430664
2017-03-30,89.02999877929688
2017-03-31,87.83999633789062
2017-04-03,87.5199966430664
2017-04-04,87.30999755859375
2017-04-05,86.19000244140625
2017-04-06,86.4800033569336
2017-04-07,86.18000030517578
2017-04-10,85.87999725341797
2017-04-11,85.7300033569336
2017-04-12,85.4000015258789
2017-04-13,84.4000015258789
2017-04-17,85.86000061035156
2017-04-18,85.16000366210938
2017-04-19,84.45999908447266
2017-04-20,85.55000305175781
2017-04-21,84.5199966430664
2017-04-24,87.5
2017-04-25,88.26000213623047
2017-04-26,88.43000030517578
2017-04-27,87.61000061035156
2017-04-28,87.0
2017-05-01,87.05999755859375
2017-05-02,86.5
2017-05-03,87.0
2017-05-04,87.0999984741211
2017-05-05,87.0
2017-05-08,87.0999984741211
2017-05-09,86.75
2017-05-10,87.43000030517578
2017-05-11,87.16000366210938
2017-05-12,86.91999816894531
2017-05-15,87.33999633789062
2017-05-16,87.61000061035156
2017-05-17,84.2699966430664
2017-05-18,83.95999908447266
2017-05-19,84.77999877929688
2017-05-22,84.69999694824219
2017-05-23,85.76000213623047
2017-05-24,85.70999908447266
2017-05-25,85.3499984741211
2017-05-26,85.36000061035156
2017-05-30,83.9000015258789
2017-05-31,82.1500015258789
2017-06-01,83.05999755859375
2017-06-02,82.63999938964844
2017-06-05,82.79000091552734
2017-06-06,82.95999908447266
2017-06-07,83.91000366210938
2017-06-08,84.94999694824219
2017-06-09,86.95999908447266
2017-06-12,86.9800033569336
2017-06-13,87.2699966430664
2017-06-14,87.08999633789062
2017-06-15,86.56999969482422
2017-06-16,86.18000030517578
2017-06-19,88.06999969482422
2017-06-20,87.5199966430664
2017-06-21,87.12000274658203
2017-06-22,87.0199966430664
2017-06-23,86.86000061035156
2017-06-26,87.23999786376953
2017-06-27,88.05000305175781
2017-06-28,89.81999969482422
2017-06-29,91.1500015258789
2017-06-30,91.4000015258789
2017-07-03,92.75
2017-07-05,93.68000030517578
2017-07-06,93.37999725341795
2017-07-07,93.8499984741211
2017-07-10,93.19000244140624
2017-07-11,92.83000183105469
2017-07-12,92.51000213623048
2017-07-13,93.0999984741211
2017-07-14,92.25
2017-07-17,91.38999938964844
2017-07-18,91.06999969482422
2017-07-19,91.1999969482422
2017-07-20,91.1999969482422
2017-07-21,90.88999938964844
2017-07-24,91.27999877929688
2017-07-25,92.8000030517578
2017-07-26,91.93000030517578
2017-07-27,91.5500030517578
2017-07-28,91.27999877929688
2017-07-31,91.8000030517578
2017-08-01,93.02999877929688
2017-08-02,93.11000061035156
2017-08-03,92.5
2017-08-04,93.66000366210938
2017-08-07,94.0199966430664
2017-08-08,93.68000030517578
2017-08-09,93.52999877929688
2017-08-10,92.19000244140624
2017-08-11,91.41999816894531
2017-08-14,92.48999786376952
2017-08-15,92.7300033569336
2017-08-16,92.08999633789062
2017-08-17,90.6500015258789
2017-08-18,90.73999786376952
2017-08-21,90.62999725341795
2017-08-22,91.55999755859376
2017-08-23,91.66999816894531
2017-08-24,91.5199966430664
2017-08-25,91.88999938964844
2017-08-28,91.5999984741211
2017-08-29,91.0999984741211
2017-08-30,91.30999755859376
2017-08-31,90.88999938964844
2017-09-01,91.6999969482422
2017-09-05,89.51000213623047
2017-09-06,90.11000061035156
2017-09-07,88.52999877929688
2017-09-08,88.41999816894531
2017-09-11,89.79000091552734
2017-09-12,90.88999938964844
2017-09-13,91.1500015258789
2017-09-14,90.97000122070312
2017-09-15,91.62000274658205
2017-09-18,92.91999816894531
2017-09-19,93.94000244140624
2017-09-20,94.5999984741211
2017-09-21,95.02999877929688
2017-09-22,94.83000183105469
2017-09-25,94.12000274658205
2017-09-26,93.6999969482422
2017-09-27,95.18000030517578
2017-09-28,95.37999725341795
2017-09-29,95.51000213623048
2017-10-02,96.83999633789062
2017-10-03,97.3499984741211
2017-10-04,96.36000061035156
2017-10-05,97.08999633789062
2017-10-06,96.91999816894531
2017-10-09,96.41000366210938
2017-10-10,97.12999725341795
2017-10-11,96.83999633789062
2017-10-12,95.98999786376952
2017-10-13,95.86000061035156
2017-10-16,97.83999633789062
2017-10-17,97.62000274658205
2017-10-18,97.98999786376952
2017-10-19,98.11000061035156
2017-10-20,99.51000213623048
2017-10-23,99.33999633789062
2017-10-24,100.91999816894531
2017-10-25,101.0199966430664
2017-10-26,101.73999786376952
2017-10-27,101.7699966430664
2017-10-30,101.41000366210938
2017-10-31,100.61000061035156
2017-11-01,100.91999816894531
2017-11-02,101.58999633789062
2017-11-03,101.41000366210938
2017-11-06,100.77999877929688
2017-11-07,98.75
2017-11-08,97.63999938964844
2017-11-09,97.62999725341795
2017-11-10,97.51000213623048
2017-11-13,97.86000061035156
2017-11-14,97.2699966430664
2017-11-15,98.19000244140624
2017-11-16,98.47000122070312
2017-11-17,98.13999938964844
2017-11-20,99.01000213623048
2017-11-21,98.93000030517578
2017-11-22,98.63999938964844
2017-11-24,98.31999969482422
2017-11-27,97.93000030517578
2017-11-28,101.36000061035156
2017-11-29,103.7300033569336
2017-11-30,104.5199966430664
2017-12-01,104.79000091552734
2017-12-04,106.9499969482422
2017-12-05,105.72000122070312
2017-12-06,104.93000030517578
2017-12-07,104.62000274658205
2017-12-08,105.93000030517578
2017-12-11,105.62000274658205
2017-12-12,106.8499984741211
2017-12-13,105.51000213623048
2017-12-14,104.66000366210938
2017-12-15,106.13999938964844
2017-12-18,106.95999908447266
2017-12-19,106.51000213623048
2017-12-20,106.13999938964844
2017-12-21,107.83000183105469
2017-12-22,107.4499969482422
2017-12-26,107.0199966430664
2017-12-27,107.22000122070312
2017-12-28,107.79000091552734
2017-12-29,106.94000244140624
2018-01-02,107.9499969482422
2018-01-03,108.05999755859376
2018-01-04,109.04000091552734
2018-01-05,108.33999633789062
2018-01-08,108.5
2018-01-09,109.0500030517578
2018-01-10,110.25
2018-01-11,110.83999633789062
2018-01-12,112.66999816894531
2018-01-16,112.2699966430664
2018-01-17,112.98999786376952
2018-01-18,113.26000213623048
2018-01-19,113.01000213623048
2018-01-22,114.33000183105469
2018-01-23,114.20999908447266
2018-01-24,115.66999816894531
2018-01-25,115.6999969482422
2018-01-26,116.31999969482422
2018-01-29,116.1999969482422
2018-01-30,115.11000061035156
2018-01-31,115.66999816894531
2018-02-01,116.87000274658205
2018-02-02,114.27999877929688
2018-02-05,108.8000030517578
2018-02-06,112.11000061035156
2018-02-07,112.87000274658205
2018-02-08,107.87999725341795
2018-02-09,110.04000091552734
2018-02-12,111.73999786376952
2018-02-13,112.43000030517578
2018-02-14,115.02999877929688
2018-02-15,115.51000213623048
2018-02-16,114.68000030517578
2018-02-20,114.70999908447266
2018-02-21,115.19000244140624
2018-02-22,114.9800033569336
2018-02-23,117.30999755859376
2018-02-26,118.7699966430664
2018-02-27,117.36000061035156
2018-02-28,115.5
2018-03-01,113.43000030517578
2018-03-02,113.31999969482422
2018-03-05,115.05999755859376
2018-03-06,115.16000366210938
2018-03-07,114.7300033569336
2018-03-08,114.73999786376952
2018-03-09,118.04000091552734
2018-03-12,117.66000366210938
2018-03-13,116.25
2018-03-14,114.9499969482422
2018-03-15,115.23999786376952
2018-03-16,115.44000244140624
2018-03-19,114.52999877929688
2018-03-20,114.63999938964844
2018-03-21,114.73999786376952
2018-03-22,109.9499969482422
2018-03-23,107.01000213623048
2018-03-26,110.30999755859376
2018-03-27,108.16999816894531
2018-03-28,108.0
2018-03-29,109.97000122070312
2018-04-02,107.8499984741211
2018-04-03,109.33000183105469
2018-04-04,110.98999786376952
2018-04-05,111.87999725341795
2018-04-06,109.08999633789062
2018-04-09,110.4000015258789
2018-04-10,112.51000213623048
2018-04-11,110.62000274658205
2018-04-12,113.37000274658205
2018-04-13,110.3000030517578
2018-04-16,110.20999908447266
2018-04-17,110.20999908447266
2018-04-18,109.31999969482422
2018-04-19,111.72000122070312
2018-04-20,111.47000122070312
2018-04-23,110.93000030517578
2018-04-24,110.41000366210938
2018-04-25,109.98999786376952
2018-04-26,110.0999984741211
2018-04-27,109.4000015258789
2018-04-30,108.77999877929688
2018-05-01,108.77999877929688
2018-05-02,107.91999816894531
2018-05-03,107.23999786376952
2018-05-04,108.43000030517578
2018-05-07,109.37000274658205
2018-05-08,110.98999786376952
2018-05-09,113.41000366210938
2018-05-10,114.29000091552734
2018-05-11,113.86000061035156
2018-05-14,113.9000015258789
2018-05-15,113.02999877929688
2018-05-16,113.33999633789062
2018-05-17,112.95999908447266
2018-05-18,111.12999725341795
2018-05-21,112.1500015258789
2018-05-22,113.01000213623048
2018-05-23,112.48999786376952
2018-05-24,111.2300033569336
2018-05-25,110.66000366210938
2018-05-29,105.93000030517578
2018-05-30,108.3499984741211
2018-05-31,107.01000213623048
2018-06-01,108.4000015258789
2018-06-04,108.4499969482422
2018-06-05,107.83999633789062
2018-06-06,110.36000061035156
2018-06-07,110.8000030517578
2018-06-08,111.11000061035156
2018-06-11,110.83000183105469
2018-06-12,110.19000244140624
2018-06-13,109.97000122070312
2018-06-14,108.02999877929688
2018-06-15,107.9000015258789
2018-06-18,108.18000030517578
2018-06-19,107.5500030517578
2018-06-20,107.54000091552734
2018-06-21,107.51000213623048
2018-06-22,105.75
2018-06-25,104.79000091552734
2018-06-26,104.86000061035156
2018-06-27,103.23999786376952
2018-06-28,104.93000030517578
2018-06-29,104.1999969482422
2018-07-02,105.08000183105469
2018-07-03,103.61000061035156
2018-07-05,103.72000122070312
2018-07-06,104.05999755859376
2018-07-09,107.27999877929688
2018-07-10,106.62000274658205
2018-07-11,106.38999938964844
2018-07-12,106.8499984741211
2018-07-13,106.36000061035156
2018-07-16,110.58000183105469
2018-07-17,110.5
2018-07-18,111.52999877929688
2018-07-19,109.88999938964844
2018-07-20,111.27999877929688
2018-07-23,113.3499984741211
2018-07-24,114.1500015258789
2018-07-25,115.18000030517578
2018-07-26,114.8499984741211
2018-07-27,116.02999877929688
2018-07-30,116.7300033569336
2018-07-31,114.9499969482422
2018-08-01,115.66000366210938
2018-08-02,116.1500015258789
2018-08-03,117.08999633789062
2018-08-06,117.12000274658205
2018-08-07,117.5500030517578
2018-08-08,117.79000091552734
2018-08-09,116.87999725341795
2018-08-10,115.7300033569336
2018-08-13,113.88999938964844
2018-08-14,114.6500015258789
2018-08-15,113.6999969482422
2018-08-16,114.7699966430664
2018-08-17,114.7699966430664
2018-08-20,114.62000274658205
2018-08-21,115.31999969482422
2018-08-22,114.97000122070312
2018-08-23,114.7300033569336
2018-08-24,114.68000030517578
2018-08-27,116.70999908447266
2018-08-28,116.13999938964844
2018-08-29,115.76000213623048
2018-08-30,115.19000244140624
2018-08-31,114.58000183105469
2018-09-04,115.1500015258789
2018-09-05,114.58999633789062
2018-09-06,114.0999984741211
2018-09-07,114.31999969482422
2018-09-10,113.70999908447266
2018-09-11,114.43000030517578
2018-09-12,113.08000183105469
2018-09-13,113.5199966430664
2018-09-14,113.5
2018-09-17,113.83999633789062
2018-09-18,114.3000030517578
2018-09-19,117.62000274658205
2018-09-20,118.62999725341795
2018-09-21,117.8499984741211
2018-09-24,116.72000122070312
2018-09-25,116.38999938964844
2018-09-26,115.0199966430664
2018-09-27,114.5199966430664
2018-09-28,112.83999633789062
2018-10-01,113.5
2018-10-02,113.97000122070312
2018-10-03,115.04000091552734
2018-10-04,115.2699966430664
2018-10-05,114.62000274658205
2018-10-08,115.31999969482422
2018-10-09,114.5199966430664
2018-10-10,111.47000122070312
2018-10-11,108.12999725341795
2018-10-12,106.9499969482422
2018-10-15,106.33999633789062
2018-10-16,108.62000274658205
2018-10-17,109.83000183105469
2018-10-18,108.08999633789062
2018-10-19,107.91000366210938
2018-10-22,106.36000061035156
2018-10-23,105.25
2018-10-24,103.29000091552734
2018-10-25,104.86000061035156
2018-10-26,103.41999816894531
2018-10-29,104.8499984741211
2018-10-30,106.6999969482422
2018-10-31,109.0199966430664
2018-11-01,108.9800033569336
2018-11-02,108.37999725341795
2018-11-05,109.08999633789062
2018-11-06,109.5999984741211
2018-11-07,111.4800033569336
2018-11-08,112.37999725341795
2018-11-09,111.29000091552734
2018-11-12,108.9499969482422
2018-11-13,109.58999633789062
2018-11-14,107.33000183105469
2018-11-15,110.06999969482422
2018-11-16,109.98999786376952
2018-11-19,110.83000183105469
2018-11-20,108.4499969482422
2018-11-21,107.63999938964844
2018-11-23,106.6500015258789
2018-11-26,109.26000213623048
2018-11-27,109.72000122070312
2018-11-28,110.94000244140624
2018-11-29,110.05999755859376
2018-11-30,111.19000244140624
2018-12-03,112.23999786376952
2018-12-04,107.2300033569336
2018-12-06,105.19000244140624
2018-12-07,103.29000091552734
2018-12-10,101.36000061035156
2018-12-11,100.37000274658205
2018-12-12,101.0199966430664
2018-12-13,101.12000274658205
2018-12-14,100.29000091552734
2018-12-17,99.01000213623048
2018-12-18,98.54000091552734
2018-12-19,97.29000091552734
2018-12-20,96.4499969482422
2018-12-21,94.16999816894531
2018-12-24,92.13999938964844
2018-12-26,95.95999908447266
2018-12-27,97.04000091552734
2018-12-28,96.83000183105469
2018-12-31,97.62000274658205
2019-01-02,99.30999755859376
2019-01-03,97.11000061035156
2019-01-04,100.69000244140624
2019-01-07,100.76000213623048
2019-01-08,100.56999969482422
2019-01-09,100.4000015258789
2019-01-10,100.38999938964844
2019-01-11,99.91000366210938
2019-01-14,100.94000244140624
2019-01-15,101.68000030517578
2019-01-16,102.5
2019-01-17,102.91999816894531
2019-01-18,104.58999633789062
2019-01-22,102.94000244140624
2019-01-23,102.68000030517578
2019-01-24,102.73999786376952
2019-01-25,103.38999938964844
2019-01-28,103.87999725341795
2019-01-29,104.16999816894531
2019-01-30,104.41000366210938
2019-01-31,103.5
2019-02-01,103.87999725341795
2019-02-04,104.25
2019-02-05,103.79000091552734
2019-02-06,103.73999786376952
2019-02-07,102.37999725341795
2019-02-08,101.36000061035156
2019-02-11,100.87999725341795
2019-02-12,102.5999984741211
2019-02-13,103.08999633789062
2019-02-14,102.41999816894531
2019-02-15,105.5500030517578
2019-02-19,105.18000030517578
2019-02-20,105.69000244140624
2019-02-21,105.47000122070312
2019-02-22,105.0
2019-02-25,106.0999984741211
2019-02-26,105.29000091552734
2019-02-27,105.16000366210938
2019-02-28,104.36000061035156
2019-03-01,104.43000030517578
2019-03-04,104.19000244140624
2019-03-05,104.11000061035156
2019-03-06,103.72000122070312
2019-03-07,102.97000122070312
2019-03-08,103.01000213623048
2019-03-11,104.3499984741211
2019-03-12,104.04000091552734
2019-03-13,104.38999938964844
2019-03-14,105.33999633789062
2019-03-15,106.5500030517578
2019-03-18,107.19000244140624
2019-03-19,106.8000030517578
2019-03-20,104.5199966430664
2019-03-21,102.87000274658205
2019-03-22,99.76000213623048
2019-03-25,98.93000030517578
2019-03-26,99.91999816894531
2019-03-27,99.58000183105469
2019-03-28,100.70999908447266
2019-03-29,101.2300033569336
2019-04-01,104.63999938964844
2019-04-02,105.13999938964844
2019-04-03,105.3499984741211
2019-04-04,105.55999755859376
2019-04-05,105.30999755859376
2019-04-08,105.6500015258789
2019-04-09,104.87000274658205
2019-04-10,105.33999633789062
2019-04-11,106.2300033569336
2019-04-12,111.20999908447266
2019-04-15,109.94000244140624
2019-04-16,111.0999984741211
2019-04-17,114.3000030517578
2019-04-18,113.45999908447266
2019-04-22,113.5999984741211
2019-04-23,113.73999786376952
2019-04-24,113.5500030517578
2019-04-25,113.61000061035156
2019-04-26,114.47000122070312
2019-04-29,116.12000274658205
2019-04-30,116.0500030517578
2019-05-01,115.16000366210938
2019-05-02,115.41000366210938
2019-05-03,116.12000274658205
2019-05-06,115.08999633789062
2019-05-07,113.20999908447266
2019-05-08,112.61000061035156
2019-05-09,112.5199966430664
2019-05-10,112.51000213623048
2019-05-13,109.4499969482422
2019-05-14,110.31999969482422
2019-05-15,109.9000015258789
2019-05-16,111.30999755859376
2019-05-17,110.7699966430664
2019-05-20,111.3499984741211
2019-05-21,111.7300033569336
2019-05-22,110.81999969482422
2019-05-23,108.63999938964844
2019-05-24,109.70999908447266
2019-05-28,108.5199966430664
2019-05-29,108.22000122070312
2019-05-30,107.05999755859376
2019-05-31,105.95999908447266
2019-06-03,106.45999908447266
2019-06-04,109.73999786376952
2019-06-05,110.12999725341795
2019-06-06,110.37000274658205
2019-06-07,109.16000366210938
2019-06-10,110.33999633789062
2019-06-11,110.68000030517578
2019-06-12,109.2699966430664
2019-06-13,109.54000091552734
2019-06-14,109.81999969482422
2019-06-17,109.22000122070312
2019-06-18,110.70999908447266
2019-06-19,109.91000366210938
2019-06-20,110.19000244140624
2019-06-21,109.44000244140624
2019-06-24,108.66000366210938
2019-06-25,107.76000213623048
2019-06-26,108.4800033569336
2019-06-27,108.83999633789062
2019-06-28,111.8000030517578
2019-07-01,113.68000030517578
2019-07-02,113.8000030517578
2019-07-03,112.81999969482422
2019-07-05,113.48999786376952
2019-07-08,112.87000274658205
2019-07-09,113.3499984741211
2019-07-10,113.0199966430664
2019-07-11,114.0999984741211
2019-07-12,115.3000030517578
2019-07-15,113.9000015258789
2019-07-16,115.12000274658205
2019-07-17,113.98999786376952
2019-07-18,114.66999816894531
2019-07-19,113.54000091552734
2019-07-22,114.2699966430664
2019-07-23,116.36000061035156
2019-07-24,116.83000183105469
2019-07-25,115.70999908447266
2019-07-26,116.22000122070312
2019-07-29,115.8499984741211
2019-07-30,115.58999633789062
2019-07-31,116.0
2019-08-01,112.94000244140624
2019-08-02,112.93000030517578
2019-08-05,109.56999969482422
2019-08-06,110.43000030517578
2019-08-07,108.02999877929688
2019-08-08,109.86000061035156
2019-08-09,109.73999786376952
2019-08-12,107.68000030517578
2019-08-13,109.33999633789062
2019-08-14,104.8000030517578
2019-08-15,105.1999969482422
2019-08-16,107.72000122070312
2019-08-19,108.69000244140624
2019-08-20,107.30999755859376
2019-08-21,107.61000061035156
2019-08-22,108.72000122070312
2019-08-23,106.0199966430664
2019-08-26,106.87000274658205
2019-08-27,105.73999786376952
2019-08-28,106.8000030517578
2019-08-29,109.22000122070312
2019-08-30,109.86000061035156
2019-09-03,108.55999755859376
2019-09-04,109.87000274658205
2019-09-05,112.37000274658205
2019-09-06,112.61000061035156
2019-09-09,115.4000015258789
2019-09-10,116.87000274658205
2019-09-11,117.19000244140624
2019-09-12,117.91000366210938
2019-09-13,120.2300033569336
2019-09-16,119.16000366210938
2019-09-17,118.56999969482422
2019-09-18,119.76000213623048
2019-09-19,119.37999725341795
2019-09-20,118.9000015258789
2019-09-23,118.87999725341795
2019-09-24,117.33000183105469
2019-09-25,118.0
2019-09-26,117.02999877929688
2019-09-27,117.72000122070312
2019-09-30,117.69000244140624
2019-10-01,115.5500030517578
2019-10-02,113.25
2019-10-03,112.19000244140624
2019-10-04,114.62000274658205
2019-10-07,114.37000274658205
2019-10-08,111.81999969482422
2019-10-09,112.62999725341795
2019-10-10,114.20999908447266
2019-10-11,116.13999938964844
2019-10-14,116.4499969482422
2019-10-15,119.95999908447266
2019-10-16,119.68000030517578
2019-10-17,120.3499984741211
2019-10-18,120.55999755859376
2019-10-21,123.5500030517578
2019-10-22,124.79000091552734
2019-10-23,125.12000274658205
2019-10-24,125.02999877929688
2019-10-25,126.02999877929688
2019-10-28,126.51000213623048
2019-10-29,126.43000030517578
2019-10-30,125.7300033569336
2019-10-31,124.91999816894531
2019-11-01,127.8000030517578
2019-11-04,128.82000732421878
2019-11-05,129.10000610351562
2019-11-06,129.30000305175778
2019-11-07,130.0
2019-11-08,130.3800048828125
2019-11-11,129.91999816894528
2019-11-12,129.16000366210938
2019-11-13,128.47999572753906
2019-11-14,128.60000610351562
2019-11-15,129.52999877929688
2019-11-18,130.6199951171875
2019-11-19,130.58000183105472
2019-11-20,129.6300048828125
2019-11-21,129.92999267578122
2019-11-22,130.78999328613278
2019-11-25,131.49000549316406
2019-11-26,131.66999816894528
2019-11-27,132.05999755859378
2019-11-29,131.75999450683594
2019-12-02,131.47000122070312
2019-12-03,129.77999877929688
2019-12-04,132.33999633789062
2019-12-05,133.05999755859378
2019-12-06,135.03999328613278
2019-12-09,134.41000366210938
2019-12-10,134.5
2019-12-11,134.17999267578122
2019-12-12,138.02000427246094
2019-12-13,136.80999755859378
2019-12-16,137.33999633789062
2019-12-17,138.17999267578122
2019-12-18,138.03999328613278
2019-12-19,137.35000610351562
2019-12-20,137.24000549316406
2019-12-23,137.19999694824222
2019-12-24,137.58000183105472
2019-12-26,139.03999328613278
2019-12-27,139.13999938964844
2019-12-30,138.6300048828125
2019-12-31,139.39999389648438
2020-01-02,141.08999633789062
2020-01-03,138.33999633789062
2020-01-06,138.22999572753906
2020-01-07,135.8800048828125
2020-01-08,136.94000244140622
2020-01-09,137.44000244140622
2020-01-10,136.07000732421878
2020-01-13,137.19999694824222
2020-01-14,138.80000305175778
2020-01-15,136.72000122070312
2020-01-16,137.25
2020-01-17,138.19999694824222
2020-01-21,136.83999633789062
2020-01-22,136.67999267578122
2020-01-23,136.53999328613278
2020-01-24,133.14999389648438
2020-01-27,132.02999877929688
2020-01-28,134.42999267578122
2020-01-29,134.22999572753906
2020-01-30,135.88999938964844
2020-01-31,132.36000061035156
2020-02-03,133.3699951171875
2020-02-04,135.28999328613278
2020-02-05,137.58999633789062
2020-02-06,137.61000061035156
2020-02-07,137.16999816894528
2020-02-10,137.74000549316406
2020-02-11,138.0
2020-02-12,138.0
2020-02-13,137.8800048828125
2020-02-14,137.46000671386722
2020-02-18,135.63999938964844
2020-02-19,137.49000549316406
2020-02-20,137.49000549316406
2020-02-21,135.80999755859378
2020-02-24,132.16000366210938
2020-02-25,126.26000213623048
2020-02-26,126.63999938964844
2020-02-27,121.37000274658205
2020-02-28,116.11000061035156
2020-03-02,121.5199966430664
2020-03-03,116.95999908447266
2020-03-04,119.8499984741211
2020-03-05,113.97000122070312
2020-03-06,108.08000183105469
2020-03-09,93.44000244140624
2020-03-10,100.6999969482422
2020-03-11,95.95999908447266
2020-03-12,88.05000305175781
2020-03-13,103.91000366210938
2020-03-16,88.36000061035156
2020-03-17,93.76000213623048
2020-03-18,83.88999938964844
2020-03-19,85.30000305175781
2020-03-20,83.5
2020-03-23,79.02999877929688
2020-03-24,88.43000030517578
2020-03-25,91.7300033569336
2020-03-26,98.12000274658205
2020-03-27,91.12999725341795
2020-03-30,93.5
2020-03-31,90.02999877929688
2020-04-01,84.36000061035156
2020-04-02,87.51000213623047
2020-04-03,84.05000305175781
2020-04-06,89.45999908447266
2020-04-07,90.63999938964844
2020-04-08,94.3000030517578
2020-04-09,102.76000213623048
2020-04-13,98.19000244140624
2020-04-14,95.5
2020-04-15,90.79000091552734
2020-04-16,87.33000183105469
2020-04-17,95.18000030517578
2020-04-20,91.70999908447266
2020-04-21,89.05000305175781
2020-04-22,89.33999633789062
2020-04-23,89.38999938964844
2020-04-24,90.70999908447266
2020-04-27,94.62000274658205
2020-04-28,95.29000091552734
2020-04-29,97.86000061035156
2020-04-30,95.76000213623048
2020-05-01,93.25
2020-05-04,92.13999938964844
2020-05-05,92.0
2020-05-06,90.2699966430664
2020-05-07,91.20999908447266
2020-05-08,92.6999969482422
2020-05-11,89.97000122070312
2020-05-12,87.02999877929688
2020-05-13,84.02999877929688
2020-05-14,87.5199966430664
2020-05-15,85.9000015258789
2020-05-18,90.4499969482422
2020-05-19,88.66999816894531
2020-05-20,91.33000183105469
2020-05-21,90.16999816894531
2020-05-22,89.47000122070312
2020-05-26,95.81999969482422
2020-05-27,101.37000274658205
2020-05-28,99.86000061035156
2020-05-29,97.30999755859376
2020-06-01,98.5999984741211
2020-06-02,98.93000030517578
2020-06-03,104.2699966430664
2020-06-04,106.44000244140624
2020-06-05,111.2300033569336
2020-06-08,113.4499969482422
2020-06-09,110.54000091552734
2020-06-10,106.05999755859376
2020-06-11,97.20999908447266
2020-06-12,99.87000274658205
2020-06-15,101.25
2020-06-16,102.05999755859376
2020-06-17,99.4800033569336
2020-06-18,98.94000244140624
2020-06-19,97.80999755859376
2020-06-22,96.75
2020-06-23,97.93000030517578
2020-06-24,94.66000366210938
2020-06-25,97.95999908447266
2020-06-26,92.58999633789062
2020-06-29,93.0
2020-06-30,94.05999755859376
2020-07-01,93.26000213623048
2020-07-02,92.66000366210938
2020-07-06,95.0
2020-07-07,92.31999969482422
2020-07-08,93.3000030517578
2020-07-09,91.27999877929688
2020-07-10,96.2699966430664
2020-07-13,97.6500015258789
2020-07-14,98.20999908447266
2020-07-15,99.7300033569336
2020-07-16,100.01000213623048
2020-07-17,98.16000366210938
2020-07-20,97.3000030517578
2020-07-21,99.41000366210938
2020-07-22,98.69000244140624
2020-07-23,98.9800033569336
2020-07-24,98.27999877929688
2020-07-27,96.9000015258789
2020-07-28,97.31999969482422
2020-07-29,99.68000030517578
2020-07-30,97.0199966430664
2020-07-31,96.63999938964844
2020-08-03,96.0999984741211
2020-08-04,95.5500030517578
2020-08-05,97.20999908447266
2020-08-06,97.23999786376952
2020-08-07,99.37999725341795
2020-08-10,100.63999938964844
2020-08-11,103.81999969482422
2020-08-12,102.94000244140624
2020-08-13,102.37000274658205
2020-08-14,102.41000366210938
2020-08-17,99.70999908447266
2020-08-18,98.31999969482422
2020-08-19,98.5500030517578
2020-08-20,97.37000274658205
2020-08-21,97.31999969482422
2020-08-24,100.05999755859376
2020-08-25,100.5
2020-08-26,99.08999633789062
2020-08-27,102.3499984741211
2020-08-28,102.7699966430664
2020-08-31,100.19000244140624
2020-09-01,100.13999938964844
2020-09-02,101.6500015258789
2020-09-03,101.33000183105469
2020-09-04,103.5199966430664
2020-09-08,99.91999816894531
2020-09-09,100.87000274658205
2020-09-10,99.83000183105469
2020-09-11,101.06999969482422
2020-09-14,102.47000122070312
2020-09-15,99.27999877929688
2020-09-16,99.6999969482422
2020-09-17,98.55999755859376
2020-09-18,98.3499984741211
2020-09-21,95.30999755859376
2020-09-22,94.2699966430664
2020-09-23,92.73999786376952
2020-09-24,92.66000366210938
2020-09-25,93.47000122070312
2020-09-28,96.16000366210938
2020-09-29,95.3499984741211
2020-09-30,96.2699966430664
2020-10-01,96.97000122070312
2020-10-02,97.88999938964844
2020-10-05,99.04000091552734
2020-10-06,98.0199966430664
2020-10-07,99.7300033569336
2020-10-08,101.77999877929688
2020-10-09,101.1999969482422
2020-10-12,102.44000244140624
2020-10-13,100.77999877929688
2020-10-14,100.22000122070312
2020-10-15,101.72000122070312
2020-10-16,101.51000213623048
2020-10-19,99.8000030517578
2020-10-20,100.37000274658205
2020-10-21,99.37000274658205
2020-10-22,102.87999725341795
2020-10-23,103.80999755859376
2020-10-26,101.23999786376952
2020-10-27,99.33000183105469
2020-10-28,96.54000091552734
2020-10-29,97.16999816894531
2020-10-30,98.04000091552734
2020-11-02,100.25
2020-11-03,103.41000366210938
2020-11-04,100.25
2020-11-05,104.3499984741211
2020-11-06,102.95999908447266
2020-11-09,116.9000015258789
2020-11-10,116.5199966430664
2020-11-11,114.77999877929688
2020-11-12,113.37000274658205
2020-11-13,114.08000183105469
2020-11-16,117.3000030517578
2020-11-17,116.11000061035156
2020-11-18,115.25
2020-11-19,115.55999755859376
2020-11-20,114.56999969482422
2020-11-23,117.87000274658205
2020-11-24,123.31999969482422
2020-11-25,122.02999877929688
2020-11-27,121.22000122070312
2020-11-30,117.87999725341795
2020-12-01,119.73999786376952
2020-12-02,122.04000091552734
2020-12-03,121.23999786376952
2020-12-04,122.33999633789062
2020-12-07,121.87999725341795
2020-12-08,122.0
2020-12-09,121.0500030517578
2020-12-10,120.2699966430664
2020-12-11,119.55999755859376
2020-12-14,118.3000030517578
2020-12-15,120.31999969482422
2020-12-16,120.66999816894531
2020-12-17,119.66999816894531
2020-12-18,119.08000183105469
2020-12-21,123.5500030517578
2020-12-22,121.66999816894531
2020-12-23,125.06999969482422
2020-12-24,124.5199966430664
2020-12-28,125.33999633789062
2020-12-29,125.01000213623048
2020-12-30,125.36000061035156
2020-12-31,127.06999969482422
2021-01-04,125.87000274658205
2021-01-05,125.6500015258789
2021-01-06,131.55000305175778
2021-01-07,135.8699951171875
2021-01-08,136.02000427246094
2021-01-11,138.05000305175778
2021-01-12,140.22000122070312
2021-01-13,140.35000610351562
2021-01-14,141.1699981689453
2021-01-15,138.63999938964844
2021-01-19,138.03999328613278
2021-01-20,135.97000122070312
2021-01-21,134.83000183105472
2021-01-22,133.78999328613278
2021-01-25,132.1199951171875
2021-01-26,131.58000183105472
2021-01-27,127.86000061035156
2021-01-28,130.11000061035156
2021-01-29,128.66999816894528
2021-02-01,129.6199951171875
2021-02-02,133.61000061035156
2021-02-03,135.13999938964844
2021-02-04,138.25
2021-02-05,137.97999572753906
2021-02-08,140.13999938964844
2021-02-09,139.58000183105472
2021-02-10,139.66000366210938
2021-02-11,139.27000427246094
2021-02-12,141.25
2021-02-16,144.64999389648438
2021-02-17,145.10000610351562
2021-02-18,145.58999633789062
2021-02-19,148.02000427246094
2021-02-22,149.41000366210938
2021-02-23,150.61000061035156
2021-02-24,153.25999450683594
2021-02-25,151.17999267578125
2021-02-26,147.1699981689453
2021-03-01,150.5
2021-03-02,150.00999450683594
2021-03-03,152.91000366210938
2021-03-04,150.55999755859375
2021-03-05,150.91000366210938
2021-03-08,152.91000366210938
2021-03-09,151.8300018310547
2021-03-10,155.1300048828125
2021-03-11,154.32000732421875
2021-03-12,156.14999389648438
2021-03-15,155.3699951171875
2021-03-16,153.50999450683594
2021-03-17,155.08999633789062
2021-03-18,157.64999389648438
2021-03-19,155.13999938964844
2021-03-22,150.97000122070312
2021-03-23,149.4600067138672
2021-03-24,150.6199951171875
2021-03-25,152.5500030517578
2021-03-26,155.08999633789062
2021-03-29,152.67999267578125
2021-03-30,154.47999572753906
2021-03-31,152.22999572753906
2021-04-01,153.7100067138672
2021-04-05,153.6199951171875
2021-04-06,152.5399932861328
2021-04-07,154.92999267578125
2021-04-08,155.1199951171875
2021-04-09,156.27999877929688
2021-04-12,155.9499969482422
2021-04-13,154.08999633789062
2021-04-14,151.2100067138672
2021-04-15,152.1699981689453
2021-04-16,153.3000030517578
2021-04-19,152.64999389648438
2021-04-20,149.27000427246094
2021-04-21,150.5399932861328
2021-04-22,147.3699951171875
2021-04-23,150.19000244140625
2021-04-26,150.55999755859375
2021-04-27,151.25
2021-04-28,152.22999572753906
2021-04-29,155.19000244140625
2021-04-30,153.80999755859375
2021-05-03,153.36000061035156
2021-05-04,155.47999572753906
2021-05-05,157.52000427246094
2021-05-06,160.69000244140625
2021-05-07,161.24000549316406
2021-05-10,161.22000122070312
2021-05-11,158.5399932861328
2021-05-12,157.4499969482422
2021-05-13,161.5
2021-05-14,164.00999450683594
2021-05-17,164.6699981689453
2021-05-18,162.35000610351562
2021-05-19,161.11000061035156
2021-05-20,160.8300018310547
2021-05-21,162.66000366210938
2021-05-24,163.5399932861328
2021-05-25,161.85000610351562
2021-05-26,161.8300018310547
2021-05-27,164.35000610351562
2021-05-28,164.24000549316406
2021-06-01,166.0500030517578
2021-06-02,166.05999755859375
2021-06-03,166.1699981689453
2021-06-04,166.44000244140625
2021-06-07,165.66000366210938
2021-06-08,165.0
2021-06-09,162.94000244140625
2021-06-10,160.39999389648438
2021-06-11,160.2899932861328
2021-06-14,157.57000732421875
2021-06-15,155.17999267578125
2021-06-16,156.27000427246094
2021-06-17,151.75999450683594
2021-06-18,147.9199981689453
2021-06-21,150.42999267578125
2021-06-22,150.2100067138672
2021-06-23,151.1199951171875
2021-06-24,152.50999450683594
2021-06-25,154.0500030517578
2021-06-28,154.3300018310547
2021-06-29,154.13999938964844
2021-06-30,155.5399932861328
2021-07-01,157.0800018310547
2021-07-02,156.02999877929688
2021-07-06,153.41000366210938
2021-07-07,153.58999633789062
2021-07-08,150.94000244140625
2021-07-09,155.77000427246094
2021-07-12,158.0
2021-07-13,155.64999389648438
2021-07-14,155.1199951171875
2021-07-15,155.4600067138672
2021-07-16,151.91000366210938
2021-07-19,146.97000122070312
2021-07-20,149.7100067138672
2021-07-21,152.86000061035156
2021-07-22,150.92999267578125
2021-07-23,150.63999938964844
2021-07-26,151.64999389648438
2021-07-27,151.4499969482422
2021-07-28,151.6999969482422
2021-07-29,153.0
2021-07-30,151.77999877929688
2021-08-02,151.1699981689453
2021-08-03,152.88999938964844
2021-08-04,151.24000549316406
2021-08-05,153.14999389648438
2021-08-06,157.5
2021-08-09,157.3300018310547
2021-08-10,159.25999450683594
2021-08-11,161.16000366210938
2021-08-12,161.7899932861328
2021-08-13,159.97999572753906
2021-08-16,158.92999267578125
2021-08-17,157.00999450683594
2021-08-18,155.5800018310547
2021-08-19,154.27999877929688
2021-08-20,154.72000122070312
2021-08-23,156.6999969482422
2021-08-24,157.6699981689453
2021-08-25,160.9199981689453
2021-08-26,161.75
2021-08-27,163.0500030517578
2021-08-30,160.44000244140625
2021-08-31,159.9499969482422
2021-09-01,159.72000122070312
2021-09-02,160.4600067138672
2021-09-03,159.49000549316406
2021-09-07,159.2100067138672
2021-09-08,158.5
2021-09-09,159.19000244140625
2021-09-10,157.36000061035156
2021-09-13,159.86000061035156
2021-09-14,157.07000732421875
2021-09-15,158.16000366210938
2021-09-16,158.08999633789062
2021-09-17,157.67999267578125
2021-09-20,152.9600067138672
2021-09-21,152.97999572753906
2021-09-22,155.91000366210938
2021-09-23,161.17999267578125
2021-09-24,163.0399932861328
2021-09-27,166.97999572753906
2021-09-28,166.0800018310547
2021-09-29,165.9499969482422
2021-09-30,163.69000244140625
2021-10-01,167.1300048828125
2021-10-04,166.9499969482422
2021-10-05,168.66000366210938
2021-10-06,169.02000427246094
2021-10-07,170.08999633789062
2021-10-08,170.22000122070312
2021-10-11,166.63999938964844
2021-10-12,165.36000061035156
2021-10-13,161.0
2021-10-14,163.47000122070312
2021-10-15,166.61000061035156
2021-10-18,166.5500030517578
2021-10-19,168.57000732421875
2021-10-20,170.83999633789062
2021-10-21,169.5
2021-10-22,171.77999877929688
2021-10-25,170.94000244140625
2021-10-26,171.39999389648438
2021-10-27,167.8300018310547
2021-10-28,170.36000061035156
2021-10-29,169.88999938964844
2021-11-01,169.8000030517578
2021-11-02,170.47000122070312
2021-11-03,170.52999877929688
2021-11-04,168.2899932861328
2021-11-05,168.0500030517578
2021-11-08,169.05999755859375
2021-11-09,167.77999877929688
2021-11-10,167.6199951171875
2021-11-11,167.61000061035156
2021-11-12,166.86000061035156
2021-11-15,166.55999755859375
2021-11-16,165.36000061035156
2021-11-17,164.47000122070312
2021-11-18,163.0500030517578
2021-11-19,160.9199981689453
2021-11-22,164.35000610351562
2021-11-23,168.27999877929688
2021-11-24,166.9600067138672
2021-11-26,161.92999267578125
2021-11-29,161.22999572753906
2021-11-30,158.8300018310547
2021-12-01,157.88999938964844
2021-12-02,161.2100067138672
2021-12-03,158.2899932861328
2021-12-06,160.16000366210938
2021-12-07,162.57000732421875
2021-12-08,160.7100067138672
2021-12-09,160.4600067138672
2021-12-10,159.82000732421875
2021-12-13,157.9199981689453
2021-12-14,159.1300048828125
2021-12-15,157.94000244140625
2021-12-16,160.41000366210938
2021-12-17,156.75999450683594
2021-12-20,153.94000244140625
2021-12-21,156.08999633789062
2021-12-22,156.6999969482422
2021-12-23,157.25999450683594
2021-12-27,158.16000366210938
2021-12-28,158.63999938964844
2021-12-29,158.55999755859375
2021-12-30,158.47999572753906
2021-12-31,158.35000610351562
2022-01-03,161.6999969482422
2022-01-04,167.8300018310547
2022-01-05,163.77999877929688
2022-01-06,165.52000427246094
2022-01-07,167.16000366210938
2022-01-10,167.32000732421875
2022-01-11,167.49000549316406
2022-01-12,168.44000244140625
2022-01-13,168.22999572753906
2022-01-14,157.88999938964844
2022-01-18,151.27000427246094
2022-01-19,148.92999267578125
2022-01-20,147.66000366210938
2022-01-21,145.0800018310547
2022-01-24,144.9499969482422
2022-01-25,146.52999877929688
2022-01-26,147.9199981689453
2022-01-27,145.30999755859375
2022-01-28,146.61000061035156
2022-01-31,148.60000610351562
2022-02-01,151.14999389648438
2022-02-02,149.94000244140625
2022-02-03,148.6999969482422
2022-02-04,152.55999755859375
2022-02-07,153.07000732421875
2022-02-08,155.9499969482422
2022-02-09,156.60000610351562
2022-02-10,155.9499969482422
2022-02-11,153.9199981689453
2022-02-14,152.49000549316406
2022-02-15,154.72000122070312
2022-02-16,155.0
2022-02-17,151.42999267578125
2022-02-18,152.13999938964844
2022-02-22,151.8699951171875
2022-02-23,148.69000244140625
2022-02-24,144.5500030517578
2022-02-25,147.97000122070312
2022-02-28,141.8000030517578
2022-03-01,136.44999694824222
2022-03-02,139.27999877929688
2022-03-03,138.28999328613278
2022-03-04,134.39999389648438
2022-03-07,129.21000671386722
2022-03-08,128.30000305175778
2022-03-09,133.44000244140622
2022-03-10,131.86000061035156
2022-03-11,128.88999938964844
2022-03-14,130.16999816894528
2022-03-15,132.47999572753906
2022-03-16,138.39999389648438
2022-03-17,140.14999389648438
2022-03-18,140.10000610351562
2022-03-21,139.64999389648438
2022-03-22,142.6199951171875
2022-03-23,139.77999877929688
2022-03-24,140.69000244140622
2022-03-25,141.9199981689453
2022-03-28,140.8699951171875
2022-03-29,141.17999267578125
2022-03-30,140.53999328613278
2022-03-31,136.32000732421878
2022-04-01,135.30999755859378
2022-04-04,135.91000366210938
2022-04-05,133.33999633789062
2022-04-06,131.49000549316406
2022-04-07,131.08999633789062
2022-04-08,133.49000549316406
2022-04-11,133.0
2022-04-12,131.53999328613278
2022-04-13,127.3000030517578
2022-04-14,126.12000274658205
2022-04-18,128.46000671386722
2022-04-19,131.1199951171875
2022-04-20,131.58000183105472
2022-04-21,130.55999755859378
2022-04-22,126.80999755859376
2022-04-25,126.7699966430664
2022-04-26,123.0199966430664
2022-04-27,121.41999816894531
2022-04-28,123.33999633789062
2022-04-29,119.36000061035156
2022-05-02,120.4499969482422
2022-05-03,123.02999877929688
2022-05-04,127.0999984741211
2022-05-05,123.91999816894531
2022-05-06,123.72000122070312
2022-05-09,121.86000061035156
2022-05-10,118.88999938964844
2022-05-11,118.13999938964844
2022-05-12,118.04000091552734
2022-05-13,119.08999633789062
2022-05-16,118.26000213623048
2022-05-17,122.18000030517578
2022-05-18,120.08999633789062
2022-05-19,118.30999755859376
2022-05-20,117.33999633789062
2022-05-23,124.5999984741211
2022-05-24,126.36000061035156
2022-05-25,127.23999786376952
2022-05-26,129.44000244140622
2022-05-27,131.27000427246094
2022-05-31,132.22999572753906
2022-06-01,129.91000366210938
2022-06-02,132.0
2022-06-03,130.16000366210938
2022-06-06,129.72999572753906
2022-06-07,130.07000732421878
2022-06-08,128.0
2022-06-09,125.30999755859376
2022-06-10,119.5500030517578
2022-06-13,115.98999786376952
2022-06-14,114.05999755859376
2022-06-15,115.41000366210938
2022-06-16,113.43000030517578
2022-06-17,113.02999877929688
2022-06-21,115.83000183105469
2022-06-22,115.18000030517578
2022-06-23,113.91999816894531
2022-06-24,117.31999969482422
2022-06-27,116.37999725341795
2022-06-28,115.81999969482422
2022-06-29,115.3000030517578
2022-06-30,112.61000061035156
2022-07-01,114.0500030517578
2022-07-05,112.62000274658205
2022-07-06,111.88999938964844
2022-07-07,114.72000122070312
2022-07-08,114.36000061035156
2022-07-11,112.86000061035156
2022-07-12,112.97000122070312
2022-07-13,111.91000366210938
2022-07-14,108.0
2022-07-15,112.9499969482422
2022-07-18,111.79000091552734
2022-07-19,114.55999755859376
2022-07-20,114.54000091552734
2022-07-21,115.31999969482422
2022-07-22,114.76000213623048
2022-07-25,115.22000122070312
2022-07-26,113.41999816894531
2022-07-27,115.23999786376952
2022-07-28,114.80999755859376
2022-07-29,115.36000061035156
2022-08-01,114.20999908447266
2022-08-02,112.43000030517578
2022-08-03,113.61000061035156
2022-08-04,112.36000061035156
2022-08-05,115.76000213623048
2022-08-08,114.3499984741211
2022-08-09,115.37999725341795
2022-08-10,118.38999938964844
2022-08-11,120.13999938964844
2022-08-12,122.12999725341795
2022-08-15,122.45999908447266
2022-08-16,123.62999725341795
2022-08-17,122.58999633789062
2022-08-18,121.63999938964844
2022-08-19,118.62999725341795
2022-08-22,116.66999816894531
2022-08-23,115.5199966430664
2022-08-24,115.8000030517578
2022-08-25,118.5500030517578
2022-08-26,114.66999816894531
2022-08-29,114.38999938964844
2022-08-30,114.41000366210938
2022-08-31,113.7300033569336
2022-09-01,114.51000213623048
2022-09-02,113.70999908447266
2022-09-06,113.73999786376952
2022-09-07,115.9000015258789
2022-09-08,118.5999984741211
2022-09-09,119.16999816894531
2022-09-12,120.58000183105469
2022-09-13,116.38999938964844
2022-09-14,116.12000274658205
2022-09-15,117.87000274658205
2022-09-16,117.08000183105469
2022-09-19,118.16000366210938
2022-09-20,115.83000183105469
2022-09-21,112.48999786376952
2022-09-22,111.20999908447266
2022-09-23,109.13999938964844
2022-09-26,106.79000091552734
2022-09-27,105.8499984741211
2022-09-28,107.98999786376952
2022-09-29,106.16000366210938
2022-09-30,104.5
2022-10-03,107.7300033569336
2022-10-04,112.7699966430664
2022-10-05,110.38999938964844
2022-10-06,108.13999938964844
2022-10-07,105.9800033569336
2022-10-10,104.98999786376952
2022-10-11,101.95999908447266
2022-10-12,103.61000061035156
2022-10-13,109.37000274658205
2022-10-14,111.19000244140624
2022-10-17,115.86000061035156
2022-10-18,118.83999633789062
2022-10-19,116.51000213623048
2022-10-20,116.12999725341795
2022-10-21,122.2300033569336
2022-10-24,122.37999725341795
2022-10-25,122.6999969482422
2022-10-26,124.11000061035156
2022-10-27,124.5999984741211
2022-10-28,126.08000183105469
2022-10-31,125.87999725341795
2022-11-01,128.14999389648438
2022-11-02,126.97000122070312
2022-11-03,127.1999969482422
2022-11-04,130.67999267578122
2022-11-07,131.3699951171875
2022-11-08,131.44999694824222
2022-11-09,129.74000549316406
2022-11-10,135.08000183105472
2022-11-11,135.30000305175778
2022-11-14,133.91000366210938
2022-11-15,132.94000244140622
2022-11-16,133.1199951171875
2022-11-17,132.53999328613278
2022-11-18,133.83999633789062
2022-11-21,133.05000305175778
2022-11-22,135.03999328613278
2022-11-23,136.47999572753906
2022-11-25,136.74000549316406
2022-11-28,134.35000610351562
2022-11-29,136.55999755859378
2022-11-30,138.17999267578122
2022-12-01,136.24000549316406
2022-12-02,135.16000366210938
2022-12-05,131.3699951171875
2022-12-06,131.58999633789062
2022-12-07,131.5
2022-12-08,132.8800048828125
2022-12-09,132.16000366210938
